"Empresas con 10 o más empleados","","","","","","","","","",""
"Las TIC en las empresas (primer trimestre de 2023) por agrupación de actividad económica (excepto CNAE 56, 64-66 y 95.1) y tamaño de la empresa","","","","","","","","","",""
"","","","","","","","","","",""
"C* Inteligencia artificial","","","","","","","","","",""
"Unidades: Porcentaje","","","","","","","","","",""
"","","","","","","","","","",""
" ","Total","De 10 a 49","De 50 a 249","De 250 y más","","","","","",""
"Total Empresas","","","","","","","","","",""
"    G.1 % de empresas que emplean tecnologías de Inteligencia Artificial (IA) (1)","9.55","6.60","19.79","40.64","","","","","",""
"    G.1.A % de empresas con tecnología IA de análisis del lenguaje escrito (2)","32.96","29.34","35.88","42.09","","","","","",""
"    G.1.B % de empresas con tecnología IA que convierte el lenguaje hablado en formato legible por una máquina (2)","32.63","36.25","23.43","37.79","","","","","",""
"    G.1.C % de empresas con tecnología IA que genera lenguaje escrito o hablado (2)","25.93","25.25","23.58","34.24","","","","","",""
"    G.1.D % de empresas con tecnología IA de identificación de objetos o personas en función de imágenes o vídeos (2)","36.78","33.05","38.01","50.17","","","","","",""
"    G.1.E % de empresas con tecnología IA de aprendizaje automático o machine learning para el análisis de datos (2)","33.42","26.02","39.09","52.72","","","","","",""
"    G.1.F % de empresas con tecnología IA de automatización de flujos de trabajo o ayuda en la toma de decisiones (2)","37.16","30.83","41.08","55.79","","","","","",""
"    G.1.G % de empresas con tecnología IA que permite el movimiento físico de máquinas (2)","16.57","14.91","15.89","25.34","","","","","",""
"    G.2.A % de empresas que emplean tecnologías de IA para marketing o ventas (2)","22.83","20.33","22.77","33.79","","","","","",""
"    G.2.B % de empresas que emplean tecnologías de IA para procesos de producción (2)","29.85","25.71","32.21","42.53","","","","","",""
"    G.2.C % de empresas que emplean tecnologías de IA para organización de procesos de administración o gestión empresarial (2)","24.92","24.10","23.65","31.37","","","","","",""
"    G.2.D % de empresas que emplean tecnologías de IA para logística (2)","11.64","10.33","9.74","21.62","","","","","",""
"    G.2.E % de empresas que emplean tecnologías de IA para seguridad de las TIC (2)","27.14","21.14","30.86","44.81","","","","","",""
"    G.2.F % de empresas que emplean tecnologías de IA para  gestión contable, de control o financiera (2)","20.31","19.49","19.19","26.43","","","","","",""
"    G.2.G % de empresas que emplean tecnologías de IA para actividades de I+D o innovación (2)","24.47","23.30","23.49","31.73","","","","","",""
"    G.3.A % de empresas que adquieren software o sistemas de IA que son desarrollados por empleados propios (2)","25.69","20.46","30.29","37.94","","","","","",""
"    G.3.B % de empresas que adquieren software o sistemas de IA comerciales que son modificados por empleados propios (2)","15.85","12.41","16.48","29.39","","","","","",""
"    G.3.C % de empresas que adquieren software o sistemas de IA de código abierto que son modificados por empleados propios (2)","19.39","17.45","19.64","27.19","","","","","",""
"    G.3.D % de empresas que adquieren software o sistemas de IA comerciales listos para usar (2)","41.10","37.79","44.15","48.54","","","","","",""
"    G.3.E % de empresas que adquieren software o sistemas de IA mediante la contratación a proveedores externos para desarrollarlos o modificarlos (2)","37.97","35.07","37.13","52.51","","","","","",""
"    G.4 % de empresas que alguna vez han considerado utilizar alguna de las tecnologías de IA enumeradas en G.1","5.21","4.73","6.99","9.82","","","","","",""
"    G.5.A % de empresas que no utilizan ninguna de las tecnologías de IA de G.1 porque: los costes parecen demasiado altos (3)","68.29","72.61","55.25","55.21","","","","","",""
"    G.5.B % de empresas que no utilizan ninguna de las tecnologías de IA de G.1 porque: faltan conocimientos especializados relevantes en la empresa (3)","78.49","78.76","77.52","78.28","","","","","",""
"    G.5.C % de empresas que no utilizan ninguna de las tecnologías de IA de G.1 porque: incompatibilidad con equipos, software o sistemas existentes (3)","36.49","36.41","36.04","38.99","","","","","",""
"    G.5.D % de empresas que no utilizan ninguna de las tecnologías de IA de G.1 porque: dificultades con la disponibilidad o calidad de los datos necesarios (3)","47.11","47.67","44.59","48.16","","","","","",""
"    G.5.E % de empresas que no utilizan ninguna de las tecnologías de IA de G.1 porque: preocupaciones con respecto a la violación de la protección de datos y la privacidad (3)","38.36","41.81","25.82","34.97","","","","","",""
"    G.5.F % de empresas que no utilizan ninguna de las tecnologías de IA de G.1 porque: falta de claridad sobre las consecuencias legales (3)","43.70","46.88","34.57","32.54","","","","","",""
"    G.5.G % de empresas que no utilizan ninguna de las tecnologías de IA de G.1 porque: consideraciones éticas (3)","19.42","20.78","16.18","12.39","","","","","",""
"    G.5.H % de empresas que no utilizan ninguna de las tecnologías de IA de G.1 porque: las tecnologías de IA no son útiles para la empresa (3)","9.84","10.84","6.19","8.88","","","","","",""
"1. Total Industria (CNAE 10-39)","","","","","","","","","",""
"    G.1 % de empresas que emplean tecnologías de Inteligencia Artificial (IA) (1)","8.94","5.83","17.04","42.75","","","","","",""
"    G.1.A % de empresas con tecnología IA de análisis del lenguaje escrito (2)","19.45","19.15","15.11","28.72","","","","","",""
"    G.1.B % de empresas con tecnología IA que convierte el lenguaje hablado en formato legible por una máquina (2)","16.35","19.57","7.30","23.45","","","","","",""
"    G.1.C % de empresas con tecnología IA que genera lenguaje escrito o hablado (2)","15.19","16.42","11.28","18.77","","","","","",""
"    G.1.D % de empresas con tecnología IA de identificación de objetos o personas en función de imágenes o vídeos (2)","44.03","37.61","48.63","55.72","","","","","",""
"    G.1.E % de empresas con tecnología IA de aprendizaje automático o machine learning para el análisis de datos (2)","29.95","24.52","29.28","48.60","","","","","",""
"    G.1.F % de empresas con tecnología IA de automatización de flujos de trabajo o ayuda en la toma de decisiones (2)","41.62","41.70","34.75","54.55","","","","","",""
"    G.1.G % de empresas con tecnología IA que permite el movimiento físico de máquinas (2)","28.66","25.76","26.79","41.49","","","","","",""
"    G.2.A % de empresas que emplean tecnologías de IA para marketing o ventas (2)","13.54","11.76","12.61","20.99","","","","","",""
"    G.2.B % de empresas que emplean tecnologías de IA para procesos de producción (2)","41.13","32.83","45.08","60.07","","","","","",""
"    G.2.C % de empresas que emplean tecnologías de IA para organización de procesos de administración o gestión empresarial (2)","22.63","25.84","16.10","24.89","","","","","",""
"    G.2.D % de empresas que emplean tecnologías de IA para logística (2)","13.79","10.77","11.51","27.81","","","","","",""
"    G.2.E % de empresas que emplean tecnologías de IA para seguridad de las TIC (2)","26.28","17.94","29.28","47.14","","","","","",""
"    G.2.F % de empresas que emplean tecnologías de IA para  gestión contable, de control o financiera (2)","17.15","17.21","11.97","26.87","","","","","",""
"    G.2.G % de empresas que emplean tecnologías de IA para actividades de I+D o innovación (2)","18.48","18.44","15.81","23.76","","","","","",""
"    G.3.A % de empresas que adquieren software o sistemas de IA que son desarrollados por empleados propios (2)","16.35","12.12","17.02","28.58","","","","","",""
"    G.3.B % de empresas que adquieren software o sistemas de IA comerciales que son modificados por empleados propios (2)","13.31","10.90","11.20","25.09","","","","","",""
"    G.3.C % de empresas que adquieren software o sistemas de IA de código abierto que son modificados por empleados propios (2)","12.31","12.41","7.17","21.88","","","","","",""
"    G.3.D % de empresas que adquieren software o sistemas de IA comerciales listos para usar (2)","41.16","39.88","37.39","52.46","","","","","",""
"    G.3.E % de empresas que adquieren software o sistemas de IA mediante la contratación a proveedores externos para desarrollarlos o modificarlos (2)","50.38","49.60","47.84","57.75","","","","","",""
"    G.4 % de empresas que alguna vez han considerado utilizar alguna de las tecnologías de IA enumeradas en G.1","5.79","5.21","7.04","13.41","","","","","",""
"    G.5.A % de empresas que no utilizan ninguna de las tecnologías de IA de G.1 porque: los costes parecen demasiado altos (3)","61.90","63.29","57.98","59.09","","","","","",""
"    G.5.B % de empresas que no utilizan ninguna de las tecnologías de IA de G.1 porque: faltan conocimientos especializados relevantes en la empresa (3)","82.31","85.80","69.55","82.53","","","","","",""
"    G.5.C % de empresas que no utilizan ninguna de las tecnologías de IA de G.1 porque: incompatibilidad con equipos, software o sistemas existentes (3)","38.00","37.14","42.15","35.49","","","","","",""
"    G.5.D % de empresas que no utilizan ninguna de las tecnologías de IA de G.1 porque: dificultades con la disponibilidad o calidad de los datos necesarios (3)","59.80","64.31","46.93","50.85","","","","","",""
"    G.5.E % de empresas que no utilizan ninguna de las tecnologías de IA de G.1 porque: preocupaciones con respecto a la violación de la protección de datos y la privacidad (3)","31.37","35.19","19.54","26.20","","","","","",""
"    G.5.F % de empresas que no utilizan ninguna de las tecnologías de IA de G.1 porque: falta de claridad sobre las consecuencias legales (3)","35.78","37.75","32.76","25.31","","","","","",""
"    G.5.G % de empresas que no utilizan ninguna de las tecnologías de IA de G.1 porque: consideraciones éticas (3)","14.24","15.20","14.86","3.83","","","","","",""
"    G.5.H % de empresas que no utilizan ninguna de las tecnologías de IA de G.1 porque: las tecnologías de IA no son útiles para la empresa (3)","11.84","14.13","6.30","4.82","","","","","",""
"1.1. Alimentación bebidas tabaco textil prendas vestir cuero y calzado madera y corcho papel artes gráficas y reproducción de soportes grabados (CNAE 10-18)","","","","","","","","","",""
"    G.1 % de empresas que emplean tecnologías de Inteligencia Artificial (IA) (1)","7.71","5.34","14.43","44.69","","","","","",""
"    G.1.A % de empresas con tecnología IA de análisis del lenguaje escrito (2)","22.93","26.25","15.43","24.00","","","","","",""
"    G.1.B % de empresas con tecnología IA que convierte el lenguaje hablado en formato legible por una máquina (2)","8.20","6.66","6.35","17.37","","","","","",""
"    G.1.C % de empresas con tecnología IA que genera lenguaje escrito o hablado (2)","12.28","11.92","12.05","14.06","","","","","",""
"    G.1.D % de empresas con tecnología IA de identificación de objetos o personas en función de imágenes o vídeos (2)","41.26","23.01","71.93","54.44","","","","","",""
"    G.1.E % de empresas con tecnología IA de aprendizaje automático o machine learning para el análisis de datos (2)","24.33","21.17","20.36","43.42","","","","","",""
"    G.1.F % de empresas con tecnología IA de automatización de flujos de trabajo o ayuda en la toma de decisiones (2)","40.90","47.24","22.84","49.71","","","","","",""
"    G.1.G % de empresas con tecnología IA que permite el movimiento físico de máquinas (2)","18.95","14.62","22.94","28.04","","","","","",""
"    G.2.A % de empresas que emplean tecnologías de IA para marketing o ventas (2)","16.08","20.90","4.56","18.78","","","","","",""
"    G.2.B % de empresas que emplean tecnologías de IA para procesos de producción (2)","28.92","18.16","39.07","51.07","","","","","",""
"    G.2.C % de empresas que emplean tecnologías de IA para organización de procesos de administración o gestión empresarial (2)","25.99","29.44","17.33","28.71","","","","","",""
"    G.2.D % de empresas que emplean tecnologías de IA para logística (2)","10.38","8.15","11.26","17.20","","","","","",""
"    G.2.E % de empresas que emplean tecnologías de IA para seguridad de las TIC (2)","26.58","21.80","28.26","41.53","","","","","",""
"    G.2.F % de empresas que emplean tecnologías de IA para  gestión contable, de control o financiera (2)","15.19","15.48","10.16","23.21","","","","","",""
"    G.2.G % de empresas que emplean tecnologías de IA para actividades de I+D o innovación (2)","8.48","8.15","6.38","13.52","","","","","",""
"    G.3.A % de empresas que adquieren software o sistemas de IA que son desarrollados por empleados propios (2)","13.15","13.28","9.32","19.60","","","","","",""
"    G.3.B % de empresas que adquieren software o sistemas de IA comerciales que son modificados por empleados propios (2)","11.92","11.67","6.89","21.99","","","","","",""
"    G.3.C % de empresas que adquieren software o sistemas de IA de código abierto que son modificados por empleados propios (2)","6.97","7.56","3.49","11.06","","","","","",""
"    G.3.D % de empresas que adquieren software o sistemas de IA comerciales listos para usar (2)","41.93","38.82","41.01","55.31","","","","","",""
"    G.3.E % de empresas que adquieren software o sistemas de IA mediante la contratación a proveedores externos para desarrollarlos o modificarlos (2)","50.80","55.27","38.64","55.98","","","","","",""
"    G.4 % de empresas que alguna vez han considerado utilizar alguna de las tecnologías de IA enumeradas en G.1","5.83","5.45","6.91","11.90","","","","","",""
"    G.5.A % de empresas que no utilizan ninguna de las tecnologías de IA de G.1 porque: los costes parecen demasiado altos (3)","57.12","57.27","53.15","67.85","","","","","",""
"    G.5.B % de empresas que no utilizan ninguna de las tecnologías de IA de G.1 porque: faltan conocimientos especializados relevantes en la empresa (3)","92.84","98.45","71.76","79.35","","","","","",""
"    G.5.C % de empresas que no utilizan ninguna de las tecnologías de IA de G.1 porque: incompatibilidad con equipos, software o sistemas existentes (3)","42.59","42.19","41.71","51.30","","","","","",""
"    G.5.D % de empresas que no utilizan ninguna de las tecnologías de IA de G.1 porque: dificultades con la disponibilidad o calidad de los datos necesarios (3)","78.79","86.81","46.45","66.74","","","","","",""
"    G.5.E % de empresas que no utilizan ninguna de las tecnologías de IA de G.1 porque: preocupaciones con respecto a la violación de la protección de datos y la privacidad (3)","30.68","35.51","8.04","33.70","","","","","",""
"    G.5.F % de empresas que no utilizan ninguna de las tecnologías de IA de G.1 porque: falta de claridad sobre las consecuencias legales (3)","35.30","37.64","24.95","34.69","","","","","",""
"    G.5.G % de empresas que no utilizan ninguna de las tecnologías de IA de G.1 porque: consideraciones éticas (3)","15.00","18.33","2.53","6.83","","","","","",""
"    G.5.H % de empresas que no utilizan ninguna de las tecnologías de IA de G.1 porque: las tecnologías de IA no son útiles para la empresa (3)","15.00","18.34","3.76","2.65","","","","","",""
"1.2 Coquerias y refino de petróleo produc. farmacéuticos caucho y plásticos Productos minerales no metálicos (CNAE 19-23)","","","","","","","","","",""
"    G.1 % de empresas que emplean tecnologías de Inteligencia Artificial (IA) (1)","11.04","7.10","17.64","37.37","","","","","",""
"    G.1.A % de empresas con tecnología IA de análisis del lenguaje escrito (2)","21.25","20.70","19.82","24.85","","","","","",""
"    G.1.B % de empresas con tecnología IA que convierte el lenguaje hablado en formato legible por una máquina (2)","22.99","32.55","9.22","22.51","","","","","",""
"    G.1.C % de empresas con tecnología IA que genera lenguaje escrito o hablado (2)","16.28","16.72","17.68","13.03","","","","","",""
"    G.1.D % de empresas con tecnología IA de identificación de objetos o personas en función de imágenes o vídeos (2)","43.54","41.45","40.61","53.08","","","","","",""
"    G.1.E % de empresas con tecnología IA de aprendizaje automático o machine learning para el análisis de datos (2)","24.40","11.86","30.12","44.66","","","","","",""
"    G.1.F % de empresas con tecnología IA de automatización de flujos de trabajo o ayuda en la toma de decisiones (2)","41.42","35.68","37.01","61.87","","","","","",""
"    G.1.G % de empresas con tecnología IA que permite el movimiento físico de máquinas (2)","27.51","16.96","34.07","41.80","","","","","",""
"    G.2.A % de empresas que emplean tecnologías de IA para marketing o ventas (2)","21.20","15.15","28.20","24.26","","","","","",""
"    G.2.B % de empresas que emplean tecnologías de IA para procesos de producción (2)","46.17","34.85","51.17","64.71","","","","","",""
"    G.2.C % de empresas que emplean tecnologías de IA para organización de procesos de administración o gestión empresarial (2)","15.26","21.43","4.37","18.10","","","","","",""
"    G.2.D % de empresas que emplean tecnologías de IA para logística (2)","14.47","9.97","12.11","28.77","","","","","",""
"    G.2.E % de empresas que emplean tecnologías de IA para seguridad de las TIC (2)","21.78","9.97","20.46","51.56","","","","","",""
"    G.2.F % de empresas que emplean tecnologías de IA para  gestión contable, de control o financiera (2)","16.31","16.62","6.43","31.28","","","","","",""
"    G.2.G % de empresas que emplean tecnologías de IA para actividades de I+D o innovación (2)","17.04","21.83","6.25","22.95","","","","","",""
"    G.3.A % de empresas que adquieren software o sistemas de IA que son desarrollados por empleados propios (2)","13.63","6.49","16.77","25.38","","","","","",""
"    G.3.B % de empresas que adquieren software o sistemas de IA comerciales que son modificados por empleados propios (2)","13.56","9.97","12.29","23.98","","","","","",""
"    G.3.C % de empresas que adquieren software o sistemas de IA de código abierto que son modificados por empleados propios (2)","10.90","9.97","3.91","24.18","","","","","",""
"    G.3.D % de empresas que adquieren software o sistemas de IA comerciales listos para usar (2)","41.50","34.00","44.05","55.02","","","","","",""
"    G.3.E % de empresas que adquieren software o sistemas de IA mediante la contratación a proveedores externos para desarrollarlos o modificarlos (2)","58.67","61.52","55.29","57.36","","","","","",""
"    G.4 % de empresas que alguna vez han considerado utilizar alguna de las tecnologías de IA enumeradas en G.1","6.05","3.91","9.78","19.82","","","","","",""
"    G.5.A % de empresas que no utilizan ninguna de las tecnologías de IA de G.1 porque: los costes parecen demasiado altos (3)","69.84","71.52","74.77","57.53","","","","","",""
"    G.5.B % de empresas que no utilizan ninguna de las tecnologías de IA de G.1 porque: faltan conocimientos especializados relevantes en la empresa (3)","65.27","65.22","52.87","86.03","","","","","",""
"    G.5.C % de empresas que no utilizan ninguna de las tecnologías de IA de G.1 porque: incompatibilidad con equipos, software o sistemas existentes (3)","30.52","32.14","33.68","21.30","","","","","",""
"    G.5.D % de empresas que no utilizan ninguna de las tecnologías de IA de G.1 porque: dificultades con la disponibilidad o calidad de los datos necesarios (3)","41.73","37.46","47.99","41.76","","","","","",""
"    G.5.E % de empresas que no utilizan ninguna de las tecnologías de IA de G.1 porque: preocupaciones con respecto a la violación de la protección de datos y la privacidad (3)","24.99","24.46","22.75","30.01","","","","","",""
"    G.5.F % de empresas que no utilizan ninguna de las tecnologías de IA de G.1 porque: falta de claridad sobre las consecuencias legales (3)","30.15","27.73","32.92","31.45","","","","","",""
"    G.5.G % de empresas que no utilizan ninguna de las tecnologías de IA de G.1 porque: consideraciones éticas (3)","13.62","17.30","15.27","1.89","","","","","",""
"    G.5.H % de empresas que no utilizan ninguna de las tecnologías de IA de G.1 porque: las tecnologías de IA no son útiles para la empresa (3)","15.03","30.66","0.00","1.89","","","","","",""
"1.3 Metalurgia fabricación de productos metálicos ( CNAE 24-25)","","","","","","","","","",""
"    G.1 % de empresas que emplean tecnologías de Inteligencia Artificial (IA) (1)","6.63","4.01","17.15","41.92","","","","","",""
"    G.1.A % de empresas con tecnología IA de análisis del lenguaje escrito (2)","13.36","18.13","4.86","18.85","","","","","",""
"    G.1.B % de empresas con tecnología IA que convierte el lenguaje hablado en formato legible por una máquina (2)","10.32","16.92","0.85","11.28","","","","","",""
"    G.1.C % de empresas con tecnología IA que genera lenguaje escrito o hablado (2)","18.84","28.11","8.75","10.93","","","","","",""
"    G.1.D % de empresas con tecnología IA de identificación de objetos o personas en función de imágenes o vídeos (2)","40.81","37.14","41.57","53.30","","","","","",""
"    G.1.E % de empresas con tecnología IA de aprendizaje automático o machine learning para el análisis de datos (2)","17.05","12.28","16.75","37.01","","","","","",""
"    G.1.F % de empresas con tecnología IA de automatización de flujos de trabajo o ayuda en la toma de decisiones (2)","47.39","52.00","41.44","46.16","","","","","",""
"    G.1.G % de empresas con tecnología IA que permite el movimiento físico de máquinas (2)","45.59","45.95","42.71","52.43","","","","","",""
"    G.2.A % de empresas que emplean tecnologías de IA para marketing o ventas (2)","6.52","0.00","15.60","6.31","","","","","",""
"    G.2.B % de empresas que emplean tecnologías de IA para procesos de producción (2)","55.33","47.13","60.86","72.07","","","","","",""
"    G.2.C % de empresas que emplean tecnologías de IA para organización de procesos de administración o gestión empresarial (2)","20.80","26.20","17.62","8.41","","","","","",""
"    G.2.D % de empresas que emplean tecnologías de IA para logística (2)","12.67","9.28","13.90","22.66","","","","","",""
"    G.2.E % de empresas que emplean tecnologías de IA para seguridad de las TIC (2)","40.16","34.15","50.49","34.35","","","","","",""
"    G.2.F % de empresas que emplean tecnologías de IA para  gestión contable, de control o financiera (2)","25.19","29.36","21.87","18.08","","","","","",""
"    G.2.G % de empresas que emplean tecnologías de IA para actividades de I+D o innovación (2)","15.95","14.57","15.68","22.26","","","","","",""
"    G.3.A % de empresas que adquieren software o sistemas de IA que son desarrollados por empleados propios (2)","6.40","5.29","1.78","24.19","","","","","",""
"    G.3.B % de empresas que adquieren software o sistemas de IA comerciales que son modificados por empleados propios (2)","7.66","5.29","9.16","12.81","","","","","",""
"    G.3.C % de empresas que adquieren software o sistemas de IA de código abierto que son modificados por empleados propios (2)","6.24","7.40","2.25","13.16","","","","","",""
"    G.3.D % de empresas que adquieren software o sistemas de IA comerciales listos para usar (2)","52.07","47.61","58.72","50.64","","","","","",""
"    G.3.E % de empresas que adquieren software o sistemas de IA mediante la contratación a proveedores externos para desarrollarlos o modificarlos (2)","64.98","68.77","61.15","60.88","","","","","",""
"    G.4 % de empresas que alguna vez han considerado utilizar alguna de las tecnologías de IA enumeradas en G.1","5.57","5.24","6.55","12.66","","","","","",""
"    G.5.A % de empresas que no utilizan ninguna de las tecnologías de IA de G.1 porque: los costes parecen demasiado altos (3)","72.88","77.91","57.93","39.53","","","","","",""
"    G.5.B % de empresas que no utilizan ninguna de las tecnologías de IA de G.1 porque: faltan conocimientos especializados relevantes en la empresa (3)","71.49","71.55","69.15","79.12","","","","","",""
"    G.5.C % de empresas que no utilizan ninguna de las tecnologías de IA de G.1 porque: incompatibilidad con equipos, software o sistemas existentes (3)","41.29","40.25","53.41","15.32","","","","","",""
"    G.5.D % de empresas que no utilizan ninguna de las tecnologías de IA de G.1 porque: dificultades con la disponibilidad o calidad de los datos necesarios (3)","49.94","47.17","65.84","40.32","","","","","",""
"    G.5.E % de empresas que no utilizan ninguna de las tecnologías de IA de G.1 porque: preocupaciones con respecto a la violación de la protección de datos y la privacidad (3)","44.52","46.66","36.80","35.35","","","","","",""
"    G.5.F % de empresas que no utilizan ninguna de las tecnologías de IA de G.1 porque: falta de claridad sobre las consecuencias legales (3)","52.24","55.82","44.31","18.64","","","","","",""
"    G.5.G % de empresas que no utilizan ninguna de las tecnologías de IA de G.1 porque: consideraciones éticas (3)","20.06","23.19","10.57","0.00","","","","","",""
"    G.5.H % de empresas que no utilizan ninguna de las tecnologías de IA de G.1 porque: las tecnologías de IA no son útiles para la empresa (3)","10.39","12.27","0.00","15.32","","","","","",""
"1.4. Productos informáticos, electrónico y ópticos material y equipo eléctrico maquinaria y equipo mecánico vehículos a motor material de transporte muebles industria manufacturera reparación maquinaria y equipo (CNAE 26-33)","","","","","","","","","",""
"    G.1 % de empresas que emplean tecnologías de Inteligencia Artificial (IA) (1)","10.67","7.43","17.66","45.66","","","","","",""
"    G.1.A % de empresas con tecnología IA de análisis del lenguaje escrito (2)","13.69","9.25","14.19","28.17","","","","","",""
"    G.1.B % de empresas con tecnología IA que convierte el lenguaje hablado en formato legible por una máquina (2)","22.09","28.37","8.91","25.19","","","","","",""
"    G.1.C % de empresas con tecnología IA que genera lenguaje escrito o hablado (2)","13.74","15.09","7.34","21.15","","","","","",""
"    G.1.D % de empresas con tecnología IA de identificación de objetos o personas en función de imágenes o vídeos (2)","50.95","56.34","38.96","54.87","","","","","",""
"    G.1.E % de empresas con tecnología IA de aprendizaje automático o machine learning para el análisis de datos (2)","40.12","40.63","32.92","51.96","","","","","",""
"    G.1.F % de empresas con tecnología IA de automatización de flujos de trabajo o ayuda en la toma de decisiones (2)","39.56","35.38","39.92","53.37","","","","","",""
"    G.1.G % de empresas con tecnología IA que permite el movimiento físico de máquinas (2)","32.65","34.29","21.11","48.73","","","","","",""
"    G.2.A % de empresas que emplean tecnologías de IA para marketing o ventas (2)","8.19","3.71","10.61","19.13","","","","","",""
"    G.2.B % de empresas que emplean tecnologías de IA para procesos de producción (2)","45.56","43.01","41.79","61.54","","","","","",""
"    G.2.C % de empresas que emplean tecnologías de IA para organización de procesos de administración o gestión empresarial (2)","21.12","24.45","14.53","22.01","","","","","",""
"    G.2.D % de empresas que emplean tecnologías de IA para logística (2)","17.95","15.52","13.36","35.07","","","","","",""
"    G.2.E % de empresas que emplean tecnologías de IA para seguridad de las TIC (2)","22.37","12.96","25.93","48.28","","","","","",""
"    G.2.F % de empresas que emplean tecnologías de IA para  gestión contable, de control o financiera (2)","14.66","13.86","13.47","19.65","","","","","",""
"    G.2.G % de empresas que emplean tecnologías de IA para actividades de I+D o innovación (2)","31.55","32.46","30.66","30.10","","","","","",""
"    G.3.A % de empresas que adquieren software o sistemas de IA que son desarrollados por empleados propios (2)","21.01","14.79","25.42","34.29","","","","","",""
"    G.3.B % de empresas que adquieren software o sistemas de IA comerciales que son modificados por empleados propios (2)","17.78","14.52","19.09","26.61","","","","","",""
"    G.3.C % de empresas que adquieren software o sistemas de IA de código abierto que son modificados por empleados propios (2)","18.86","19.92","12.65","26.93","","","","","",""
"    G.3.D % de empresas que adquieren software o sistemas de IA comerciales listos para usar (2)","38.28","44.09","22.09","48.68","","","","","",""
"    G.3.E % de empresas que adquieren software o sistemas de IA mediante la contratación a proveedores externos para desarrollarlos o modificarlos (2)","36.88","27.52","44.05","55.79","","","","","",""
"    G.4 % de empresas que alguna vez han considerado utilizar alguna de las tecnologías de IA enumeradas en G.1","5.01","4.72","5.22","10.42","","","","","",""
"    G.5.A % de empresas que no utilizan ninguna de las tecnologías de IA de G.1 porque: los costes parecen demasiado altos (3)","57.08","56.23","55.34","69.59","","","","","",""
"    G.5.B % de empresas que no utilizan ninguna de las tecnologías de IA de G.1 porque: faltan conocimientos especializados relevantes en la empresa (3)","85.11","86.61","81.40","79.60","","","","","",""
"    G.5.C % de empresas que no utilizan ninguna de las tecnologías de IA de G.1 porque: incompatibilidad con equipos, software o sistemas existentes (3)","30.93","25.55","43.45","52.44","","","","","",""
"    G.5.D % de empresas que no utilizan ninguna de las tecnologías de IA de G.1 porque: dificultades con la disponibilidad o calidad de los datos necesarios (3)","56.56","60.95","39.78","55.12","","","","","",""
"    G.5.E % de empresas que no utilizan ninguna de las tecnologías de IA de G.1 porque: preocupaciones con respecto a la violación de la protección de datos y la privacidad (3)","31.56","35.62","22.78","13.59","","","","","",""
"    G.5.F % de empresas que no utilizan ninguna de las tecnologías de IA de G.1 porque: falta de claridad sobre las consecuencias legales (3)","32.51","31.58","43.90","13.52","","","","","",""
"    G.5.G % de empresas que no utilizan ninguna de las tecnologías de IA de G.1 porque: consideraciones éticas (3)","12.88","6.65","40.06","6.68","","","","","",""
"    G.5.H % de empresas que no utilizan ninguna de las tecnologías de IA de G.1 porque: las tecnologías de IA no son útiles para la empresa (3)","5.51","1.64","19.24","9.43","","","","","",""
"1.5. Energía y agua (CNAE 35-39)","","","","","","","","","",""
"    G.1 % de empresas que emplean tecnologías de Inteligencia Artificial (IA) (1)","12.53","5.81","26.94","43.90","","","","","",""
"    G.1.A % de empresas con tecnología IA de análisis del lenguaje escrito (2)","33.61","24.94","24.25","66.49","","","","","",""
"    G.1.B % de empresas con tecnología IA que convierte el lenguaje hablado en formato legible por una máquina (2)","26.45","26.88","12.43","54.67","","","","","",""
"    G.1.C % de empresas con tecnología IA que genera lenguaje escrito o hablado (2)","25.29","26.88","12.12","49.92","","","","","",""
"    G.1.D % de empresas con tecnología IA de identificación de objetos o personas en función de imágenes o vídeos (2)","36.26","19.06","32.22","71.56","","","","","",""
"    G.1.E % de empresas con tecnología IA de aprendizaje automático o machine learning para el análisis de datos (2)","53.75","24.70","63.92","78.33","","","","","",""
"    G.1.F % de empresas con tecnología IA de automatización de flujos de trabajo o ayuda en la toma de decisiones (2)","43.00","30.57","41.07","66.47","","","","","",""
"    G.1.G % de empresas con tecnología IA que permite el movimiento físico de máquinas (2)","28.90","32.18","15.25","51.86","","","","","",""
"    G.2.A % de empresas que emplean tecnologías de IA para marketing o ventas (2)","17.56","13.22","8.62","42.80","","","","","",""
"    G.2.B % de empresas que emplean tecnologías de IA para procesos de producción (2)","41.17","35.36","35.78","61.36","","","","","",""
"    G.2.C % de empresas que emplean tecnologías de IA para organización de procesos de administración o gestión empresarial (2)","34.92","20.67","35.81","55.41","","","","","",""
"    G.2.D % de empresas que emplean tecnologías de IA para logística (2)","13.35","7.57","2.30","45.17","","","","","",""
"    G.2.E % de empresas que emplean tecnologías de IA para seguridad de las TIC (2)","25.60","1.51","24.10","66.47","","","","","",""
"    G.2.F % de empresas que emplean tecnologías de IA para  gestión contable, de control o financiera (2)","23.43","20.67","7.67","60.22","","","","","",""
"    G.2.G % de empresas que emplean tecnologías de IA para actividades de I+D o innovación (2)","20.98","7.57","20.62","42.73","","","","","",""
"    G.3.A % de empresas que adquieren software o sistemas de IA que son desarrollados por empleados propios (2)","38.44","24.70","41.25","54.16","","","","","",""
"    G.3.B % de empresas que adquieren software o sistemas de IA comerciales que son modificados por empleados propios (2)","11.80","0.00","3.46","47.48","","","","","",""
"    G.3.C % de empresas que adquieren software o sistemas de IA de código abierto que son modificados por empleados propios (2)","26.09","24.70","16.77","47.48","","","","","",""
"    G.3.D % de empresas que adquieren software o sistemas de IA comerciales listos para usar (2)","27.47","19.08","22.82","50.18","","","","","",""
"    G.3.E % de empresas que adquieren software o sistemas de IA mediante la contratación a proveedores externos para desarrollarlos o modificarlos (2)","55.00","52.97","50.77","66.91","","","","","",""
"    G.4 % de empresas que alguna vez han considerado utilizar alguna de las tecnologías de IA enumeradas en G.1","9.29","9.33","8.92","10.04","","","","","",""
"    G.5.A % de empresas que no utilizan ninguna de las tecnologías de IA de G.1 porque: los costes parecen demasiado altos (3)","59.18","68.59","33.90","31.25","","","","","",""
"    G.5.B % de empresas que no utilizan ninguna de las tecnologías de IA de G.1 porque: faltan conocimientos especializados relevantes en la empresa (3)","78.73","76.66","82.69","89.62","","","","","",""
"    G.5.C % de empresas que no utilizan ninguna de las tecnologías de IA de G.1 porque: incompatibilidad con equipos, software o sistemas existentes (3)","40.72","40.10","46.22","31.13","","","","","",""
"    G.5.D % de empresas que no utilizan ninguna de las tecnologías de IA de G.1 porque: dificultades con la disponibilidad o calidad de los datos necesarios (3)","30.09","29.35","28.94","41.63","","","","","",""
"    G.5.E % de empresas que no utilizan ninguna de las tecnologías de IA de G.1 porque: preocupaciones con respecto a la violación de la protección de datos y la privacidad (3)","17.33","18.32","19.44","0.00","","","","","",""
"    G.5.F % de empresas que no utilizan ninguna de las tecnologías de IA de G.1 porque: falta de claridad sobre las consecuencias legales (3)","21.11","24.06","17.31","0.00","","","","","",""
"    G.5.G % de empresas que no utilizan ninguna de las tecnologías de IA de G.1 porque: consideraciones éticas (3)","2.42","0.00","12.12","0.00","","","","","",""
"    G.5.H % de empresas que no utilizan ninguna de las tecnologías de IA de G.1 porque: las tecnologías de IA no son útiles para la empresa (3)","10.09","9.39","16.01","0.00","","","","","",""
"2. Total Construcción (CNAE 41-43)","","","","","","","","","",""
"    G.1 % de empresas que emplean tecnologías de Inteligencia Artificial (IA) (1)","4.68","3.69","12.11","25.00","","","","","",""
"    G.1.A % de empresas con tecnología IA de análisis del lenguaje escrito (2)","21.15","16.31","35.17","17.77","","","","","",""
"    G.1.B % de empresas con tecnología IA que convierte el lenguaje hablado en formato legible por una máquina (2)","42.89","47.06","35.39","16.71","","","","","",""
"    G.1.C % de empresas con tecnología IA que genera lenguaje escrito o hablado (2)","31.57","34.10","27.36","13.75","","","","","",""
"    G.1.D % de empresas con tecnología IA de identificación de objetos o personas en función de imágenes o vídeos (2)","27.60","24.36","32.33","55.05","","","","","",""
"    G.1.E % de empresas con tecnología IA de aprendizaje automático o machine learning para el análisis de datos (2)","13.57","9.24","20.49","46.17","","","","","",""
"    G.1.F % de empresas con tecnología IA de automatización de flujos de trabajo o ayuda en la toma de decisiones (2)","28.41","24.42","37.69","39.97","","","","","",""
"    G.1.G % de empresas con tecnología IA que permite el movimiento físico de máquinas (2)","9.24","7.26","12.03","26.56","","","","","",""
"    G.2.A % de empresas que emplean tecnologías de IA para marketing o ventas (2)","14.23","15.85","11.50","2.96","","","","","",""
"    G.2.B % de empresas que emplean tecnologías de IA para procesos de producción (2)","27.90","22.24","42.28","36.50","","","","","",""
"    G.2.C % de empresas que emplean tecnologías de IA para organización de procesos de administración o gestión empresarial (2)","22.59","22.17","25.47","11.84","","","","","",""
"    G.2.D % de empresas que emplean tecnologías de IA para logística (2)","9.64","12.78","1.48","5.92","","","","","",""
"    G.2.E % de empresas que emplean tecnologías de IA para seguridad de las TIC (2)","25.91","25.39","25.78","35.88","","","","","",""
"    G.2.F % de empresas que emplean tecnologías de IA para  gestión contable, de control o financiera (2)","34.91","39.56","22.52","31.54","","","","","",""
"    G.2.G % de empresas que emplean tecnologías de IA para actividades de I+D o innovación (2)","19.17","17.84","20.11","36.85","","","","","",""
"    G.3.A % de empresas que adquieren software o sistemas de IA que son desarrollados por empleados propios (2)","12.06","3.76","32.17","31.01","","","","","",""
"    G.3.B % de empresas que adquieren software o sistemas de IA comerciales que son modificados por empleados propios (2)","9.41","6.13","16.85","20.14","","","","","",""
"    G.3.C % de empresas que adquieren software o sistemas de IA de código abierto que son modificados por empleados propios (2)","5.22","3.76","7.31","17.77","","","","","",""
"    G.3.D % de empresas que adquieren software o sistemas de IA comerciales listos para usar (2)","31.78","23.83","53.71","32.92","","","","","",""
"    G.3.E % de empresas que adquieren software o sistemas de IA mediante la contratación a proveedores externos para desarrollarlos o modificarlos (2)","37.93","30.77","55.47","53.21","","","","","",""
"    G.4 % de empresas que alguna vez han considerado utilizar alguna de las tecnologías de IA enumeradas en G.1","1.59","1.35","2.77","14.29","","","","","",""
"    G.5.A % de empresas que no utilizan ninguna de las tecnologías de IA de G.1 porque: los costes parecen demasiado altos (3)","92.01","100.00","72.96","49.16","","","","","",""
"    G.5.B % de empresas que no utilizan ninguna de las tecnologías de IA de G.1 porque: faltan conocimientos especializados relevantes en la empresa (3)","80.80","89.01","48.91","68.39","","","","","",""
"    G.5.C % de empresas que no utilizan ninguna de las tecnologías de IA de G.1 porque: incompatibilidad con equipos, software o sistemas existentes (3)","54.17","51.33","71.61","42.11","","","","","",""
"    G.5.D % de empresas que no utilizan ninguna de las tecnologías de IA de G.1 porque: dificultades con la disponibilidad o calidad de los datos necesarios (3)","33.58","27.75","53.63","49.03","","","","","",""
"    G.5.E % de empresas que no utilizan ninguna de las tecnologías de IA de G.1 porque: preocupaciones con respecto a la violación de la protección de datos y la privacidad (3)","20.22","18.28","19.01","45.60","","","","","",""
"    G.5.F % de empresas que no utilizan ninguna de las tecnologías de IA de G.1 porque: falta de claridad sobre las consecuencias legales (3)","60.23","73.37","19.01","15.29","","","","","",""
"    G.5.G % de empresas que no utilizan ninguna de las tecnologías de IA de G.1 porque: consideraciones éticas (3)","20.49","23.02","15.25","4.93","","","","","",""
"    G.5.H % de empresas que no utilizan ninguna de las tecnologías de IA de G.1 porque: las tecnologías de IA no son útiles para la empresa (3)","10.91","11.44","0.00","32.85","","","","","",""
"3. Total Servicios (CNAE 45-82, excluídas CNAE 56: servicios de comidas y bebidas,y financieras)","","","","","","","","","",""
"    G.1 % de empresas que emplean tecnologías de Inteligencia Artificial (IA) (1)","11.17","7.83","22.68","40.58","","","","","",""
"    G.1.A % de empresas con tecnología IA de análisis del lenguaje escrito (2)","39.47","34.73","44.31","49.37","","","","","",""
"    G.1.B % de empresas con tecnología IA que convierte el lenguaje hablado en formato legible por una máquina (2)","37.64","40.49","28.73","45.42","","","","","",""
"    G.1.C % de empresas con tecnología IA que genera lenguaje escrito o hablado (2)","29.37","27.05","28.15","42.40","","","","","",""
"    G.1.D % de empresas con tecnología IA de identificación de objetos o personas en función de imágenes o vídeos (2)","35.08","32.71","34.30","47.33","","","","","",""
"    G.1.E % de empresas con tecnología IA de aprendizaje automático o machine learning para el análisis de datos (2)","37.03","28.93","44.87","54.93","","","","","",""
"    G.1.F % de empresas con tecnología IA de automatización de flujos de trabajo o ayuda en la toma de decisiones (2)","36.48","27.98","43.96","56.94","","","","","",""
"    G.1.G % de empresas con tecnología IA que permite el movimiento físico de máquinas (2)","12.82","12.24","11.89","17.55","","","","","",""
"    G.2.A % de empresas que emplean tecnologías de IA para marketing o ventas (2)","27.35","23.94","27.96","41.03","","","","","",""
"    G.2.B % de empresas que emplean tecnologías de IA para procesos de producción (2)","25.79","23.73","26.04","34.32","","","","","",""
"    G.2.C % de empresas que emplean tecnologías de IA para organización de procesos de administración o gestión empresarial (2)","26.06","23.78","26.51","35.17","","","","","",""
"    G.2.D % de empresas que emplean tecnologías de IA para logística (2)","11.05","9.84","9.84","19.21","","","","","",""
"    G.2.E % de empresas que emplean tecnologías de IA para seguridad de las TIC (2)","27.61","21.64","32.00","44.00","","","","","",""
"    G.2.F % de empresas que emplean tecnologías de IA para  gestión contable, de control o financiera (2)","19.83","17.43","21.76","26.05","","","","","",""
"    G.2.G % de empresas que emplean tecnologías de IA para actividades de I+D o innovación (2)","27.35","25.77","26.91","35.38","","","","","",""
"    G.3.A % de empresas que adquieren software o sistemas de IA que son desarrollados por empleados propios (2)","30.81","25.73","35.43","42.68","","","","","",""
"    G.3.B % de empresas que adquieren software o sistemas de IA comerciales que son modificados por empleados propios (2)","17.56","13.83","18.57","31.79","","","","","",""
"    G.3.C % de empresas que adquieren software o sistemas de IA de código abierto que son modificados por empleados propios (2)","23.71","21.15","25.88","30.08","","","","","",""
"    G.3.D % de empresas que adquieren software o sistemas de IA comerciales listos para usar (2)","42.15","39.05","45.93","47.21","","","","","",""
"    G.3.E % de empresas que adquieren software o sistemas de IA mediante la contratación a proveedores externos para desarrollarlos o modificarlos (2)","33.25","30.64","31.01","49.96","","","","","",""
"    G.4 % de empresas que alguna vez han considerado utilizar alguna de las tecnologías de IA enumeradas en G.1","5.92","5.52","7.74","7.92","","","","","",""
"    G.5.A % de empresas que no utilizan ninguna de las tecnologías de IA de G.1 porque: los costes parecen demasiado altos (3)","69.50","74.69","52.74","52.84","","","","","",""
"    G.5.B % de empresas que no utilizan ninguna de las tecnologías de IA de G.1 porque: faltan conocimientos especializados relevantes en la empresa (3)","76.55","74.91","83.29","76.03","","","","","",""
"    G.5.C % de empresas que no utilizan ninguna de las tecnologías de IA de G.1 porque: incompatibilidad con equipos, software o sistemas existentes (3)","34.48","34.99","30.71","41.36","","","","","",""
"    G.5.D % de empresas que no utilizan ninguna de las tecnologías de IA de G.1 porque: dificultades con la disponibilidad o calidad de los datos necesarios (3)","42.23","41.84","42.85","46.00","","","","","",""
"    G.5.E % de empresas que no utilizan ninguna de las tecnologías de IA de G.1 porque: preocupaciones con respecto a la violación de la protección de datos y la privacidad (3)","42.93","46.46","29.32","40.63","","","","","",""
"    G.5.F % de empresas que no utilizan ninguna de las tecnologías de IA de G.1 porque: falta de claridad sobre las consecuencias legales (3)","46.15","48.94","36.49","39.91","","","","","",""
"    G.5.G % de empresas que no utilizan ninguna de las tecnologías de IA de G.1 porque: consideraciones éticas (3)","21.74","23.07","16.88","19.77","","","","","",""
"    G.5.H % de empresas que no utilizan ninguna de las tecnologías de IA de G.1 porque: las tecnologías de IA no son útiles para la empresa (3)","8.84","9.36","6.54","9.53","","","","","",""
"3.1. Venta y reparación de vehículos de motor comercio al por mayor al por menor (CNAE 45-47)","","","","","","","","","",""
"    G.1 % de empresas que emplean tecnologías de Inteligencia Artificial (IA) (1)","6.84","4.26","17.86","37.22","","","","","",""
"    G.1.A % de empresas con tecnología IA de análisis del lenguaje escrito (2)","33.51","33.09","31.06","41.22","","","","","",""
"    G.1.B % de empresas con tecnología IA que convierte el lenguaje hablado en formato legible por una máquina (2)","30.85","31.71","24.80","42.65","","","","","",""
"    G.1.C % de empresas con tecnología IA que genera lenguaje escrito o hablado (2)","27.22","26.97","24.97","33.79","","","","","",""
"    G.1.D % de empresas con tecnología IA de identificación de objetos o personas en función de imágenes o vídeos (2)","31.53","30.92","28.98","40.27","","","","","",""
"    G.1.E % de empresas con tecnología IA de aprendizaje automático o machine learning para el análisis de datos (2)","27.11","23.87","24.03","47.42","","","","","",""
"    G.1.F % de empresas con tecnología IA de automatización de flujos de trabajo o ayuda en la toma de decisiones (2)","31.81","16.56","45.91","55.71","","","","","",""
"    G.1.G % de empresas con tecnología IA que permite el movimiento físico de máquinas (2)","9.61","8.28","7.67","19.66","","","","","",""
"    G.2.A % de empresas que emplean tecnologías de IA para marketing o ventas (2)","33.38","29.51","32.74","50.03","","","","","",""
"    G.2.B % de empresas que emplean tecnologías de IA para procesos de producción (2)","24.06","23.84","21.84","30.48","","","","","",""
"    G.2.C % de empresas que emplean tecnologías de IA para organización de procesos de administración o gestión empresarial (2)","25.16","21.16","27.15","35.72","","","","","",""
"    G.2.D % de empresas que emplean tecnologías de IA para logística (2)","17.21","15.65","14.20","30.81","","","","","",""
"    G.2.E % de empresas que emplean tecnologías de IA para seguridad de las TIC (2)","28.34","22.75","31.75","41.54","","","","","",""
"    G.2.F % de empresas que emplean tecnologías de IA para  gestión contable, de control o financiera (2)","22.51","18.28","27.15","27.35","","","","","",""
"    G.2.G % de empresas que emplean tecnologías de IA para actividades de I+D o innovación (2)","13.05","13.43","6.96","26.84","","","","","",""
"    G.3.A % de empresas que adquieren software o sistemas de IA que son desarrollados por empleados propios (2)","17.99","12.67","20.58","32.15","","","","","",""
"    G.3.B % de empresas que adquieren software o sistemas de IA comerciales que son modificados por empleados propios (2)","13.68","8.23","15.53","30.22","","","","","",""
"    G.3.C % de empresas que adquieren software o sistemas de IA de código abierto que son modificados por empleados propios (2)","12.35","10.60","11.64","20.90","","","","","",""
"    G.3.D % de empresas que adquieren software o sistemas de IA comerciales listos para usar (2)","45.08","41.90","48.89","47.87","","","","","",""
"    G.3.E % de empresas que adquieren software o sistemas de IA mediante la contratación a proveedores externos para desarrollarlos o modificarlos (2)","40.10","36.66","37.80","59.26","","","","","",""
"    G.4 % de empresas que alguna vez han considerado utilizar alguna de las tecnologías de IA enumeradas en G.1","4.84","4.35","7.43","8.28","","","","","",""
"    G.5.A % de empresas que no utilizan ninguna de las tecnologías de IA de G.1 porque: los costes parecen demasiado altos (3)","70.54","75.72","54.35","53.44","","","","","",""
"    G.5.B % de empresas que no utilizan ninguna de las tecnologías de IA de G.1 porque: faltan conocimientos especializados relevantes en la empresa (3)","73.90","71.65","81.62","78.04","","","","","",""
"    G.5.C % de empresas que no utilizan ninguna de las tecnologías de IA de G.1 porque: incompatibilidad con equipos, software o sistemas existentes (3)","37.98","34.31","49.83","48.27","","","","","",""
"    G.5.D % de empresas que no utilizan ninguna de las tecnologías de IA de G.1 porque: dificultades con la disponibilidad o calidad de los datos necesarios (3)","39.14","37.17","45.51","44.56","","","","","",""
"    G.5.E % de empresas que no utilizan ninguna de las tecnologías de IA de G.1 porque: preocupaciones con respecto a la violación de la protección de datos y la privacidad (3)","43.20","44.29","42.15","28.53","","","","","",""
"    G.5.F % de empresas que no utilizan ninguna de las tecnologías de IA de G.1 porque: falta de claridad sobre las consecuencias legales (3)","50.90","51.79","51.78","30.92","","","","","",""
"    G.5.G % de empresas que no utilizan ninguna de las tecnologías de IA de G.1 porque: consideraciones éticas (3)","19.75","18.06","27.89","12.08","","","","","",""
"    G.5.H % de empresas que no utilizan ninguna de las tecnologías de IA de G.1 porque: las tecnologías de IA no son útiles para la empresa (3)","1.21","0.46","3.33","4.87","","","","","",""
"3.2. Transporte y almacenamiento (CNAE 49-53)","","","","","","","","","",""
"    G.1 % de empresas que emplean tecnologías de Inteligencia Artificial (IA) (1)","7.12","4.72","14.45","39.46","","","","","",""
"    G.1.A % de empresas con tecnología IA de análisis del lenguaje escrito (2)","23.38","13.28","33.95","38.91","","","","","",""
"    G.1.B % de empresas con tecnología IA que convierte el lenguaje hablado en formato legible por una máquina (2)","52.94","65.52","29.31","50.24","","","","","",""
"    G.1.C % de empresas con tecnología IA que genera lenguaje escrito o hablado (2)","23.25","19.08","15.38","49.11","","","","","",""
"    G.1.D % de empresas con tecnología IA de identificación de objetos o personas en función de imágenes o vídeos (2)","38.08","39.68","26.51","51.33","","","","","",""
"    G.1.E % de empresas con tecnología IA de aprendizaje automático o machine learning para el análisis de datos (2)","21.82","12.30","25.05","47.12","","","","","",""
"    G.1.F % de empresas con tecnología IA de automatización de flujos de trabajo o ayuda en la toma de decisiones (2)","29.48","20.52","33.20","52.24","","","","","",""
"    G.1.G % de empresas con tecnología IA que permite el movimiento físico de máquinas (2)","10.67","5.98","11.82","23.81","","","","","",""
"    G.2.A % de empresas que emplean tecnologías de IA para marketing o ventas (2)","11.16","4.88","10.34","32.55","","","","","",""
"    G.2.B % de empresas que emplean tecnologías de IA para procesos de producción (2)","17.95","11.30","20.16","35.68","","","","","",""
"    G.2.C % de empresas que emplean tecnologías de IA para organización de procesos de administración o gestión empresarial (2)","33.13","33.89","34.57","28.42","","","","","",""
"    G.2.D % de empresas que emplean tecnologías de IA para logística (2)","20.41","15.36","20.36","36.63","","","","","",""
"    G.2.E % de empresas que emplean tecnologías de IA para seguridad de las TIC (2)","36.98","40.32","31.17","35.50","","","","","",""
"    G.2.F % de empresas que emplean tecnologías de IA para  gestión contable, de control o financiera (2)","17.34","16.01","17.17","21.87","","","","","",""
"    G.2.G % de empresas que emplean tecnologías de IA para actividades de I+D o innovación (2)","12.37","10.19","8.28","25.82","","","","","",""
"    G.3.A % de empresas que adquieren software o sistemas de IA que son desarrollados por empleados propios (2)","21.61","19.09","20.81","30.97","","","","","",""
"    G.3.B % de empresas que adquieren software o sistemas de IA comerciales que son modificados por empleados propios (2)","13.28","13.49","8.17","20.72","","","","","",""
"    G.3.C % de empresas que adquieren software o sistemas de IA de código abierto que son modificados por empleados propios (2)","11.49","13.21","5.21","15.98","","","","","",""
"    G.3.D % de empresas que adquieren software o sistemas de IA comerciales listos para usar (2)","35.80","35.68","28.44","47.87","","","","","",""
"    G.3.E % de empresas que adquieren software o sistemas de IA mediante la contratación a proveedores externos para desarrollarlos o modificarlos (2)","44.56","46.62","27.89","64.46","","","","","",""
"    G.4 % de empresas que alguna vez han considerado utilizar alguna de las tecnologías de IA enumeradas en G.1","4.95","4.42","7.18","9.50","","","","","",""
"    G.5.A % de empresas que no utilizan ninguna de las tecnologías de IA de G.1 porque: los costes parecen demasiado altos (3)","85.06","94.23","63.45","40.71","","","","","",""
"    G.5.B % de empresas que no utilizan ninguna de las tecnologías de IA de G.1 porque: faltan conocimientos especializados relevantes en la empresa (3)","59.95","55.79","70.97","76.06","","","","","",""
"    G.5.C % de empresas que no utilizan ninguna de las tecnologías de IA de G.1 porque: incompatibilidad con equipos, software o sistemas existentes (3)","44.83","46.14","42.65","35.48","","","","","",""
"    G.5.D % de empresas que no utilizan ninguna de las tecnologías de IA de G.1 porque: dificultades con la disponibilidad o calidad de los datos necesarios (3)","52.09","51.02","48.90","76.06","","","","","",""
"    G.5.E % de empresas que no utilizan ninguna de las tecnologías de IA de G.1 porque: preocupaciones con respecto a la violación de la protección de datos y la privacidad (3)","45.70","51.00","30.89","27.74","","","","","",""
"    G.5.F % de empresas que no utilizan ninguna de las tecnologías de IA de G.1 porque: falta de claridad sobre las consecuencias legales (3)","48.82","49.31","49.58","40.23","","","","","",""
"    G.5.G % de empresas que no utilizan ninguna de las tecnologías de IA de G.1 porque: consideraciones éticas (3)","16.08","15.88","15.66","19.99","","","","","",""
"    G.5.H % de empresas que no utilizan ninguna de las tecnologías de IA de G.1 porque: las tecnologías de IA no son útiles para la empresa (3)","22.73","24.16","19.29","16.12","","","","","",""
"3.3. Servicios de alojamiento (CNAE 55)","","","","","","","","","",""
"    G.1 % de empresas que emplean tecnologías de Inteligencia Artificial (IA) (1)","8.36","5.88","12.31","33.44","","","","","",""
"    G.1.A % de empresas con tecnología IA de análisis del lenguaje escrito (2)","29.42","27.29","20.70","50.91","","","","","",""
"    G.1.B % de empresas con tecnología IA que convierte el lenguaje hablado en formato legible por una máquina (2)","17.32","19.26","7.20","28.70","","","","","",""
"    G.1.C % de empresas con tecnología IA que genera lenguaje escrito o hablado (2)","28.57","10.36","51.47","45.43","","","","","",""
"    G.1.D % de empresas con tecnología IA de identificación de objetos o personas en función de imágenes o vídeos (2)","38.05","46.42","15.29","51.25","","","","","",""
"    G.1.E % de empresas con tecnología IA de aprendizaje automático o machine learning para el análisis de datos (2)","16.41","7.91","13.98","46.77","","","","","",""
"    G.1.F % de empresas con tecnología IA de automatización de flujos de trabajo o ayuda en la toma de decisiones (2)","23.08","9.40","26.02","60.20","","","","","",""
"    G.1.G % de empresas con tecnología IA que permite el movimiento físico de máquinas (2)","6.05","4.58","3.18","15.48","","","","","",""
"    G.2.A % de empresas que emplean tecnologías de IA para marketing o ventas (2)","39.72","30.80","44.81","58.48","","","","","",""
"    G.2.B % de empresas que emplean tecnologías de IA para procesos de producción (2)","24.20","19.57","27.94","32.08","","","","","",""
"    G.2.C % de empresas que emplean tecnologías de IA para organización de procesos de administración o gestión empresarial (2)","12.15","1.49","8.14","51.85","","","","","",""
"    G.2.D % de empresas que emplean tecnologías de IA para logística (2)","2.14","0.00","3.22","6.89","","","","","",""
"    G.2.E % de empresas que emplean tecnologías de IA para seguridad de las TIC (2)","11.67","4.58","13.58","30.23","","","","","",""
"    G.2.F % de empresas que emplean tecnologías de IA para  gestión contable, de control o financiera (2)","25.10","22.14","21.59","40.20","","","","","",""
"    G.2.G % de empresas que emplean tecnologías de IA para actividades de I+D o innovación (2)","3.32","0.75","1.84","13.79","","","","","",""
"    G.3.A % de empresas que adquieren software o sistemas de IA que son desarrollados por empleados propios (2)","13.36","8.66","15.81","23.65","","","","","",""
"    G.3.B % de empresas que adquieren software o sistemas de IA comerciales que son modificados por empleados propios (2)","6.96","0.75","1.84","34.89","","","","","",""
"    G.3.C % de empresas que adquieren software o sistemas de IA de código abierto que son modificados por empleados propios (2)","9.44","8.66","1.84","24.88","","","","","",""
"    G.3.D % de empresas que adquieren software o sistemas de IA comerciales listos para usar (2)","59.25","65.42","44.71","65.14","","","","","",""
"    G.3.E % de empresas que adquieren software o sistemas de IA mediante la contratación a proveedores externos para desarrollarlos o modificarlos (2)","30.99","26.32","30.56","46.14","","","","","",""
"    G.4 % de empresas que alguna vez han considerado utilizar alguna de las tecnologías de IA enumeradas en G.1","5.55","4.69","7.89","9.87","","","","","",""
"    G.5.A % de empresas que no utilizan ninguna de las tecnologías de IA de G.1 porque: los costes parecen demasiado altos (3)","77.43","94.43","46.50","49.94","","","","","",""
"    G.5.B % de empresas que no utilizan ninguna de las tecnologías de IA de G.1 porque: faltan conocimientos especializados relevantes en la empresa (3)","83.37","78.64","95.69","77.20","","","","","",""
"    G.5.C % de empresas que no utilizan ninguna de las tecnologías de IA de G.1 porque: incompatibilidad con equipos, software o sistemas existentes (3)","53.18","71.62","12.56","49.68","","","","","",""
"    G.5.D % de empresas que no utilizan ninguna de las tecnologías de IA de G.1 porque: dificultades con la disponibilidad o calidad de los datos necesarios (3)","50.56","56.52","37.33","49.73","","","","","",""
"    G.5.E % de empresas que no utilizan ninguna de las tecnologías de IA de G.1 porque: preocupaciones con respecto a la violación de la protección de datos y la privacidad (3)","40.03","40.14","35.24","56.95","","","","","",""
"    G.5.F % de empresas que no utilizan ninguna de las tecnologías de IA de G.1 porque: falta de claridad sobre las consecuencias legales (3)","38.98","38.50","35.24","56.95","","","","","",""
"    G.5.G % de empresas que no utilizan ninguna de las tecnologías de IA de G.1 porque: consideraciones éticas (3)","23.10","24.79","18.50","26.10","","","","","",""
"    G.5.H % de empresas que no utilizan ninguna de las tecnologías de IA de G.1 porque: las tecnologías de IA no son útiles para la empresa (3)","3.92","5.20","0.00","7.79","","","","","",""
"3.4. Información y comunicaciones (CNAE 58-63)","","","","","","","","","",""
"    G.1 % de empresas que emplean tecnologías de Inteligencia Artificial (IA) (1)","32.43","26.95","46.48","61.79","","","","","",""
"    G.1.A % de empresas con tecnología IA de análisis del lenguaje escrito (2)","50.27","43.00","61.27","66.66","","","","","",""
"    G.1.B % de empresas con tecnología IA que convierte el lenguaje hablado en formato legible por una máquina (2)","41.22","39.38","41.92","51.07","","","","","",""
"    G.1.C % de empresas con tecnología IA que genera lenguaje escrito o hablado (2)","40.59","40.19","37.02","52.90","","","","","",""
"    G.1.D % de empresas con tecnología IA de identificación de objetos o personas en función de imágenes o vídeos (2)","37.45","28.77","52.82","50.96","","","","","",""
"    G.1.E % de empresas con tecnología IA de aprendizaje automático o machine learning para el análisis de datos (2)","53.93","42.18","74.01","74.13","","","","","",""
"    G.1.F % de empresas con tecnología IA de automatización de flujos de trabajo o ayuda en la toma de decisiones (2)","40.99","33.49","48.99","67.11","","","","","",""
"    G.1.G % de empresas con tecnología IA que permite el movimiento físico de máquinas (2)","13.88","12.58","15.42","18.00","","","","","",""
"    G.2.A % de empresas que emplean tecnologías de IA para marketing o ventas (2)","31.24","28.80","30.32","49.44","","","","","",""
"    G.2.B % de empresas que emplean tecnologías de IA para procesos de producción (2)","30.00","29.30","25.32","47.30","","","","","",""
"    G.2.C % de empresas que emplean tecnologías de IA para organización de procesos de administración o gestión empresarial (2)","28.69","27.47","26.93","41.36","","","","","",""
"    G.2.D % de empresas que emplean tecnologías de IA para logística (2)","9.63","8.34","8.57","20.84","","","","","",""
"    G.2.E % de empresas que emplean tecnologías de IA para seguridad de las TIC (2)","24.61","16.61","34.36","49.18","","","","","",""
"    G.2.F % de empresas que emplean tecnologías de IA para  gestión contable, de control o financiera (2)","18.39","13.60","25.32","30.06","","","","","",""
"    G.2.G % de empresas que emplean tecnologías de IA para actividades de I+D o innovación (2)","44.77","38.40","56.28","54.06","","","","","",""
"    G.3.A % de empresas que adquieren software o sistemas de IA que son desarrollados por empleados propios (2)","51.09","42.31","65.11","68.99","","","","","",""
"    G.3.B % de empresas que adquieren software o sistemas de IA comerciales que son modificados por empleados propios (2)","27.94","24.08","32.74","39.59","","","","","",""
"    G.3.C % de empresas que adquieren software o sistemas de IA de código abierto que son modificados por empleados propios (2)","47.06","41.75","58.20","50.54","","","","","",""
"    G.3.D % de empresas que adquieren software o sistemas de IA comerciales listos para usar (2)","35.53","28.80","47.24","46.55","","","","","",""
"    G.3.E % de empresas que adquieren software o sistemas de IA mediante la contratación a proveedores externos para desarrollarlos o modificarlos (2)","21.02","19.67","15.56","44.66","","","","","",""
"    G.4 % de empresas que alguna vez han considerado utilizar alguna de las tecnologías de IA enumeradas en G.1","13.67","13.52","16.69","4.91","","","","","",""
"    G.5.A % de empresas que no utilizan ninguna de las tecnologías de IA de G.1 porque: los costes parecen demasiado altos (3)","64.73","73.21","36.90","66.38","","","","","",""
"    G.5.B % de empresas que no utilizan ninguna de las tecnologías de IA de G.1 porque: faltan conocimientos especializados relevantes en la empresa (3)","79.87","80.21","79.30","73.29","","","","","",""
"    G.5.C % de empresas que no utilizan ninguna de las tecnologías de IA de G.1 porque: incompatibilidad con equipos, software o sistemas existentes (3)","28.41","29.16","26.00","27.65","","","","","",""
"    G.5.D % de empresas que no utilizan ninguna de las tecnologías de IA de G.1 porque: dificultades con la disponibilidad o calidad de los datos necesarios (3)","33.73","32.02","39.19","35.03","","","","","",""
"    G.5.E % de empresas que no utilizan ninguna de las tecnologías de IA de G.1 porque: preocupaciones con respecto a la violación de la protección de datos y la privacidad (3)","41.50","47.37","23.15","31.34","","","","","",""
"    G.5.F % de empresas que no utilizan ninguna de las tecnologías de IA de G.1 porque: falta de claridad sobre las consecuencias legales (3)","38.21","41.65","27.56","31.34","","","","","",""
"    G.5.G % de empresas que no utilizan ninguna de las tecnologías de IA de G.1 porque: consideraciones éticas (3)","19.65","20.67","15.39","31.34","","","","","",""
"    G.5.H % de empresas que no utilizan ninguna de las tecnologías de IA de G.1 porque: las tecnologías de IA no son útiles para la empresa (3)","10.78","12.11","5.14","26.71","","","","","",""
"3.5. Actividades inmobiliarias (CNAE 68)","","","","","","","","","",""
"    G.1 % de empresas que emplean tecnologías de Inteligencia Artificial (IA) (1)","9.35","7.25","20.50","42.42","","","","","",""
"    G.1.A % de empresas con tecnología IA de análisis del lenguaje escrito (2)","33.63","26.24","52.91","36.87","","","","","",""
"    G.1.B % de empresas con tecnología IA que convierte el lenguaje hablado en formato legible por una máquina (2)","36.79","45.71","21.32","9.22","","","","","",""
"    G.1.C % de empresas con tecnología IA que genera lenguaje escrito o hablado (2)","5.92","0.13","20.79","9.22","","","","","",""
"    G.1.D % de empresas con tecnología IA de identificación de objetos o personas en función de imágenes o vídeos (2)","9.93","0.00","28.41","36.87","","","","","",""
"    G.1.E % de empresas con tecnología IA de aprendizaje automático o machine learning para el análisis de datos (2)","25.91","12.88","50.15","61.29","","","","","",""
"    G.1.F % de empresas con tecnología IA de automatización de flujos de trabajo o ayuda en la toma de decisiones (2)","22.57","10.95","35.14","81.57","","","","","",""
"    G.1.G % de empresas con tecnología IA que permite el movimiento físico de máquinas (2)","14.26","16.97","8.47","9.22","","","","","",""
"    G.2.A % de empresas que emplean tecnologías de IA para marketing o ventas (2)","33.42","29.85","41.82","37.79","","","","","",""
"    G.2.B % de empresas que emplean tecnologías de IA para procesos de producción (2)","3.92","0.00","12.97","9.22","","","","","",""
"    G.2.C % de empresas que emplean tecnologías de IA para organización de procesos de administración o gestión empresarial (2)","7.41","0.00","16.16","42.86","","","","","",""
"    G.2.D % de empresas que emplean tecnologías de IA para logística (2)","2.08","0.00","8.47","0.00","","","","","",""
"    G.2.E % de empresas que emplean tecnologías de IA para seguridad de las TIC (2)","11.22","0.00","28.66","52.07","","","","","",""
"    G.2.F % de empresas que emplean tecnologías de IA para  gestión contable, de control o financiera (2)","13.30","10.95","13.59","32.09","","","","","",""
"    G.2.G % de empresas que emplean tecnologías de IA para actividades de I+D o innovación (2)","8.69","0.00","32.46","9.22","","","","","",""
"    G.3.A % de empresas que adquieren software o sistemas de IA que son desarrollados por empleados propios (2)","4.84","0.00","3.78","48.56","","","","","",""
"    G.3.B % de empresas que adquieren software o sistemas de IA comerciales que son modificados por empleados propios (2)","8.61","0.00","25.53","29.20","","","","","",""
"    G.3.C % de empresas que adquieren software o sistemas de IA de código abierto que son modificados por empleados propios (2)","0.84","0.00","0.40","9.22","","","","","",""
"    G.3.D % de empresas que adquieren software o sistemas de IA comerciales listos para usar (2)","32.66","27.92","47.34","27.65","","","","","",""
"    G.3.E % de empresas que adquieren software o sistemas de IA mediante la contratación a proveedores externos para desarrollarlos o modificarlos (2)","29.19","29.98","22.51","42.86","","","","","",""
"    G.4 % de empresas que alguna vez han considerado utilizar alguna de las tecnologías de IA enumeradas en G.1","6.40","5.90","8.05","20.67","","","","","",""
"    G.5.A % de empresas que no utilizan ninguna de las tecnologías de IA de G.1 porque: los costes parecen demasiado altos (3)","83.71","81.05","100.00","81.09","","","","","",""
"    G.5.B % de empresas que no utilizan ninguna de las tecnologías de IA de G.1 porque: faltan conocimientos especializados relevantes en la empresa (3)","81.71","77.20","100.00","100.00","","","","","",""
"    G.5.C % de empresas que no utilizan ninguna de las tecnologías de IA de G.1 porque: incompatibilidad con equipos, software o sistemas existentes (3)","47.38","56.11","7.73","22.46","","","","","",""
"    G.5.D % de empresas que no utilizan ninguna de las tecnologías de IA de G.1 porque: dificultades con la disponibilidad o calidad de los datos necesarios (3)","44.82","47.18","40.47","22.46","","","","","",""
"    G.5.E % de empresas que no utilizan ninguna de las tecnologías de IA de G.1 porque: preocupaciones con respecto a la violación de la protección de datos y la privacidad (3)","54.51","63.50","0.00","62.18","","","","","",""
"    G.5.F % de empresas que no utilizan ninguna de las tecnologías de IA de G.1 porque: falta de claridad sobre las consecuencias legales (3)","65.69","77.11","9.64","43.26","","","","","",""
"    G.5.G % de empresas que no utilizan ninguna de las tecnologías de IA de G.1 porque: consideraciones éticas (3)","21.94","21.82","23.10","20.80","","","","","",""
"    G.5.H % de empresas que no utilizan ninguna de las tecnologías de IA de G.1 porque: las tecnologías de IA no son útiles para la empresa (3)","3.25","0.00","23.10","0.00","","","","","",""
"3.6. Actividades profesionales, científicas y técnicas (CNAE 69-75)","","","","","","","","","",""
"    G.1 % de empresas que emplean tecnologías de Inteligencia Artificial (IA) (1)","16.16","11.04","39.07","57.60","","","","","",""
"    G.1.A % de empresas con tecnología IA de análisis del lenguaje escrito (2)","42.38","37.21","48.29","52.22","","","","","",""
"    G.1.B % de empresas con tecnología IA que convierte el lenguaje hablado en formato legible por una máquina (2)","39.57","44.98","27.20","46.73","","","","","",""
"    G.1.C % de empresas con tecnología IA que genera lenguaje escrito o hablado (2)","27.51","22.77","31.83","39.54","","","","","",""
"    G.1.D % de empresas con tecnología IA de identificación de objetos o personas en función de imágenes o vídeos (2)","40.56","40.48","36.71","51.80","","","","","",""
"    G.1.E % de empresas con tecnología IA de aprendizaje automático o machine learning para el análisis de datos (2)","38.54","26.94","51.06","62.65","","","","","",""
"    G.1.F % de empresas con tecnología IA de automatización de flujos de trabajo o ayuda en la toma de decisiones (2)","42.25","35.78","48.10","58.90","","","","","",""
"    G.1.G % de empresas con tecnología IA que permite el movimiento físico de máquinas (2)","17.76","18.43","17.58","14.86","","","","","",""
"    G.2.A % de empresas que emplean tecnologías de IA para marketing o ventas (2)","20.22","14.78","27.28","28.15","","","","","",""
"    G.2.B % de empresas que emplean tecnologías de IA para procesos de producción (2)","23.98","18.37","31.36","31.91","","","","","",""
"    G.2.C % de empresas que emplean tecnologías de IA para organización de procesos de administración o gestión empresarial (2)","29.59","26.67","33.81","32.63","","","","","",""
"    G.2.D % de empresas que emplean tecnologías de IA para logística (2)","8.53","9.45","6.34","9.96","","","","","",""
"    G.2.E % de empresas que emplean tecnologías de IA para seguridad de las TIC (2)","26.12","20.60","28.43","47.84","","","","","",""
"    G.2.F % de empresas que emplean tecnologías de IA para  gestión contable, de control o financiera (2)","16.54","14.46","16.66","26.80","","","","","",""
"    G.2.G % de empresas que emplean tecnologías de IA para actividades de I+D o innovación (2)","33.76","32.28","30.80","49.72","","","","","",""
"    G.3.A % de empresas que adquieren software o sistemas de IA que son desarrollados por empleados propios (2)","29.26","21.65","35.94","49.39","","","","","",""
"    G.3.B % de empresas que adquieren software o sistemas de IA comerciales que son modificados por empleados propios (2)","18.12","15.76","15.34","38.07","","","","","",""
"    G.3.C % de empresas que adquieren software o sistemas de IA de código abierto que son modificados por empleados propios (2)","25.65","21.05","28.96","39.89","","","","","",""
"    G.3.D % de empresas que adquieren software o sistemas de IA comerciales listos para usar (2)","46.53","46.04","48.16","44.50","","","","","",""
"    G.3.E % de empresas que adquieren software o sistemas de IA mediante la contratación a proveedores externos para desarrollarlos o modificarlos (2)","34.50","31.07","38.18","41.72","","","","","",""
"    G.4 % de empresas que alguna vez han considerado utilizar alguna de las tecnologías de IA enumeradas en G.1","7.53","7.58","6.74","9.35","","","","","",""
"    G.5.A % de empresas que no utilizan ninguna de las tecnologías de IA de G.1 porque: los costes parecen demasiado altos (3)","58.26","60.21","49.53","42.24","","","","","",""
"    G.5.B % de empresas que no utilizan ninguna de las tecnologías de IA de G.1 porque: faltan conocimientos especializados relevantes en la empresa (3)","79.27","78.75","87.83","65.04","","","","","",""
"    G.5.C % de empresas que no utilizan ninguna de las tecnologías de IA de G.1 porque: incompatibilidad con equipos, software o sistemas existentes (3)","28.87","30.90","12.65","33.55","","","","","",""
"    G.5.D % de empresas que no utilizan ninguna de las tecnologías de IA de G.1 porque: dificultades con la disponibilidad o calidad de los datos necesarios (3)","50.94","51.08","51.32","46.77","","","","","",""
"    G.5.E % de empresas que no utilizan ninguna de las tecnologías de IA de G.1 porque: preocupaciones con respecto a la violación de la protección de datos y la privacidad (3)","39.60","41.34","20.67","58.62","","","","","",""
"    G.5.F % de empresas que no utilizan ninguna de las tecnologías de IA de G.1 porque: falta de claridad sobre las consecuencias legales (3)","43.83","47.82","15.27","42.85","","","","","",""
"    G.5.G % de empresas que no utilizan ninguna de las tecnologías de IA de G.1 porque: consideraciones éticas (3)","26.15","29.12","2.65","32.20","","","","","",""
"    G.5.H % de empresas que no utilizan ninguna de las tecnologías de IA de G.1 porque: las tecnologías de IA no son útiles para la empresa (3)","8.48","9.60","0.00","9.54","","","","","",""
"3.7. Actividades administrativas y servicios auxiliares (incl. agencias viajes) (CNAE 77-82)","","","","","","","","","",""
"    G.1 % de empresas que emplean tecnologías de Inteligencia Artificial (IA) (1)","9.33","6.93","13.29","26.61","","","","","",""
"    G.1.A % de empresas con tecnología IA de análisis del lenguaje escrito (2)","38.03","31.71","46.23","45.94","","","","","",""
"    G.1.B % de empresas con tecnología IA que convierte el lenguaje hablado en formato legible por una máquina (2)","35.11","37.82","22.00","45.30","","","","","",""
"    G.1.C % de empresas con tecnología IA que genera lenguaje escrito o hablado (2)","22.43","20.44","11.70","43.78","","","","","",""
"    G.1.D % de empresas con tecnología IA de identificación de objetos o personas en función de imágenes o vídeos (2)","27.29","26.88","15.52","45.23","","","","","",""
"    G.1.E % de empresas con tecnología IA de aprendizaje automático o machine learning para el análisis de datos (2)","36.80","31.40","44.67","42.29","","","","","",""
"    G.1.F % de empresas con tecnología IA de automatización de flujos de trabajo o ayuda en la toma de decisiones (2)","35.55","33.25","33.24","45.91","","","","","",""
"    G.1.G % de empresas con tecnología IA que permite el movimiento físico de máquinas (2)","10.31","11.55","4.77","14.36","","","","","",""
"    G.2.A % de empresas que emplean tecnologías de IA para marketing o ventas (2)","28.52","31.00","18.07","35.67","","","","","",""
"    G.2.B % de empresas que emplean tecnologías de IA para procesos de producción (2)","33.07","35.10","30.85","29.96","","","","","",""
"    G.2.C % de empresas que emplean tecnologías de IA para organización de procesos de administración o gestión empresarial (2)","17.45","17.65","8.03","30.21","","","","","",""
"    G.2.D % de empresas que emplean tecnologías de IA para logística (2)","4.47","4.14","4.59","5.35","","","","","",""
"    G.2.E % de empresas que emplean tecnologías de IA para seguridad de las TIC (2)","35.57","28.84","43.02","45.79","","","","","",""
"    G.2.F % de empresas que emplean tecnologías de IA para  gestión contable, de control o financiera (2)","25.18","31.26","17.33","17.57","","","","","",""
"    G.2.G % de empresas que emplean tecnologías de IA para actividades de I+D o innovación (2)","26.75","27.83","26.70","23.51","","","","","",""
"    G.3.A % de empresas que adquieren software o sistemas de IA que son desarrollados por empleados propios (2)","32.51","33.24","30.42","33.19","","","","","",""
"    G.3.B % de empresas que adquieren software o sistemas de IA comerciales que son modificados por empleados propios (2)","10.23","3.01","15.90","24.46","","","","","",""
"    G.3.C % de empresas que adquieren software o sistemas de IA de código abierto que son modificados por empleados propios (2)","10.45","6.12","12.47","20.92","","","","","",""
"    G.3.D % de empresas que adquieren software o sistemas de IA comerciales listos para usar (2)","42.22","40.46","43.09","46.41","","","","","",""
"    G.3.E % de empresas que adquieren software o sistemas de IA mediante la contratación a proveedores externos para desarrollarlos o modificarlos (2)","35.78","34.34","32.74","44.55","","","","","",""
"    G.4 % de empresas que alguna vez han considerado utilizar alguna de las tecnologías de IA enumeradas en G.1","3.53","3.15","4.09","6.58","","","","","",""
"    G.5.A % de empresas que no utilizan ninguna de las tecnologías de IA de G.1 porque: los costes parecen demasiado altos (3)","76.07","79.46","73.48","60.49","","","","","",""
"    G.5.B % de empresas que no utilizan ninguna de las tecnologías de IA de G.1 porque: faltan conocimientos especializados relevantes en la empresa (3)","87.77","86.74","95.92","79.61","","","","","",""
"    G.5.C % de empresas que no utilizan ninguna de las tecnologías de IA de G.1 porque: incompatibilidad con equipos, software o sistemas existentes (3)","24.00","26.25","3.38","46.89","","","","","",""
"    G.5.D % de empresas que no utilizan ninguna de las tecnologías de IA de G.1 porque: dificultades con la disponibilidad o calidad de los datos necesarios (3)","34.72","36.64","28.48","34.29","","","","","",""
"    G.5.E % de empresas que no utilizan ninguna de las tecnologías de IA de G.1 porque: preocupaciones con respecto a la violación de la protección de datos y la privacidad (3)","47.87","58.96","11.81","45.42","","","","","",""
"    G.5.F % de empresas que no utilizan ninguna de las tecnologías de IA de G.1 porque: falta de claridad sobre las consecuencias legales (3)","47.20","53.96","24.94","46.15","","","","","",""
"    G.5.G % de empresas que no utilizan ninguna de las tecnologías de IA de G.1 porque: consideraciones éticas (3)","29.03","39.80","1.36","13.60","","","","","",""
"    G.5.H % de empresas que no utilizan ninguna de las tecnologías de IA de G.1 porque: las tecnologías de IA no son útiles para la empresa (3)","18.92","21.70","16.19","7.17","","","","","",""
"4. Sector TIC (261-264, 268, 465, 582, 61, 6201, 6202, 6203, 6209, 631, 951)","","","","","","","","","",""
"    G.1 % de empresas que emplean tecnologías de Inteligencia Artificial (IA) (1)","31.13","26.71","40.20","59.01","","","","","",""
"    G.1.A % de empresas con tecnología IA de análisis del lenguaje escrito (2)","44.65","36.29","60.43","56.53","","","","","",""
"    G.1.B % de empresas con tecnología IA que convierte el lenguaje hablado en formato legible por una máquina (2)","40.68","41.18","36.23","49.56","","","","","",""
"    G.1.C % de empresas con tecnología IA que genera lenguaje escrito o hablado (2)","42.02","44.81","32.70","49.17","","","","","",""
"    G.1.D % de empresas con tecnología IA de identificación de objetos o personas en función de imágenes o vídeos (2)","39.48","34.02","49.34","48.49","","","","","",""
"    G.1.E % de empresas con tecnología IA de aprendizaje automático o machine learning para el análisis de datos (2)","57.62","48.25","76.25","68.28","","","","","",""
"    G.1.F % de empresas con tecnología IA de automatización de flujos de trabajo o ayuda en la toma de decisiones (2)","45.06","38.89","50.84","69.85","","","","","",""
"    G.1.G % de empresas con tecnología IA que permite el movimiento físico de máquinas (2)","14.29","14.66","11.80","18.66","","","","","",""
"    G.2.A % de empresas que emplean tecnologías de IA para marketing o ventas (2)","26.93","20.56","33.61","50.57","","","","","",""
"    G.2.B % de empresas que emplean tecnologías de IA para procesos de producción (2)","29.94","28.16","27.83","47.45","","","","","",""
"    G.2.C % de empresas que emplean tecnologías de IA para organización de procesos de administración o gestión empresarial (2)","25.85","24.39","26.17","34.59","","","","","",""
"    G.2.D % de empresas que emplean tecnologías de IA para logística (2)","8.40","6.24","9.00","21.00","","","","","",""
"    G.2.E % de empresas que emplean tecnologías de IA para seguridad de las TIC (2)","26.14","17.89","37.57","49.16","","","","","",""
"    G.2.F % de empresas que emplean tecnologías de IA para  gestión contable, de control o financiera (2)","17.42","14.40","20.46","28.98","","","","","",""
"    G.2.G % de empresas que emplean tecnologías de IA para actividades de I+D o innovación (2)","42.90","35.51","56.82","53.49","","","","","",""
"    G.3.A % de empresas que adquieren software o sistemas de IA que son desarrollados por empleados propios (2)","52.61","42.33","71.82","67.67","","","","","",""
"    G.3.B % de empresas que adquieren software o sistemas de IA comerciales que son modificados por empleados propios (2)","27.33","22.78","33.19","41.30","","","","","",""
"    G.3.C % de empresas que adquieren software o sistemas de IA de código abierto que son modificados por empleados propios (2)","46.40","39.60","61.82","48.93","","","","","",""
"    G.3.D % de empresas que adquieren software o sistemas de IA comerciales listos para usar (2)","30.33","23.88","39.93","46.56","","","","","",""
"    G.3.E % de empresas que adquieren software o sistemas de IA mediante la contratación a proveedores externos para desarrollarlos o modificarlos (2)","22.40","21.57","17.66","40.82","","","","","",""
"    G.4 % de empresas que alguna vez han considerado utilizar alguna de las tecnologías de IA enumeradas en G.1","12.80","12.87","14.24","5.88","","","","","",""
"    G.5.A % de empresas que no utilizan ninguna de las tecnologías de IA de G.1 porque: los costes parecen demasiado altos (3)","63.09","69.91","40.07","70.06","","","","","",""
"    G.5.B % de empresas que no utilizan ninguna de las tecnologías de IA de G.1 porque: faltan conocimientos especializados relevantes en la empresa (3)","82.13","82.29","81.56","82.84","","","","","",""
"    G.5.C % de empresas que no utilizan ninguna de las tecnologías de IA de G.1 porque: incompatibilidad con equipos, software o sistemas existentes (3)","34.45","32.86","37.89","51.75","","","","","",""
"    G.5.D % de empresas que no utilizan ninguna de las tecnologías de IA de G.1 porque: dificultades con la disponibilidad o calidad de los datos necesarios (3)","38.52","34.34","51.39","46.16","","","","","",""
"    G.5.E % de empresas que no utilizan ninguna de las tecnologías de IA de G.1 porque: preocupaciones con respecto a la violación de la protección de datos y la privacidad (3)","34.71","40.07","18.32","23.44","","","","","",""
"    G.5.F % de empresas que no utilizan ninguna de las tecnologías de IA de G.1 porque: falta de claridad sobre las consecuencias legales (3)","38.88","39.76","36.96","29.43","","","","","",""
"    G.5.G % de empresas que no utilizan ninguna de las tecnologías de IA de G.1 porque: consideraciones éticas (3)","21.76","20.17","26.19","29.50","","","","","",""
"    G.5.H % de empresas que no utilizan ninguna de las tecnologías de IA de G.1 porque: las tecnologías de IA no son útiles para la empresa (3)","8.20","8.51","5.67","23.15","","","","","",""
"","","","","","","","","","",""
"","","","","","","","","","",""
"Notas:","","","","","","","","","",""
"Los códigos al comienzo de cada literal se refieren a la pregunta de cuestionario correspondiente o al apartado del que han derivado","","","","","","","","","",""
" 2) Principales variables: ","","","","","","","","","",""
" 3) (1) Porcentaje sobre el total de empresas con conexión a Internet","","","","","","","","","",""
" 4) (2) Porcentaje sobre el total de empresas que utilizan tecnologías de Inteligencia Artificial","","","","","","","","","",""
" 5) (3) Porcentaje sobre el total de empresas que alguna vez han considerado utilizar alguna de las tecnologías de IA enumeradas en G.1","","","","","","","","","",""
"","","","","","","","","","",""
"Fuente: ","","","","","","","","","",""
"Instituto Nacional de Estadística","","","","","","","","","",""
